AGR2,KRT19,MUC16,RRM2;cancer
-0.0616148405539492,1.8498722899380449,-3.156554993103804,-2.458340850607475;1
0.9179864362184412,-0.529227035449899,-4.013730357869735,0.0975751113391098;0
-1.3951049277957694,2.105486912604169,-4.77187698912118,-0.5323718820424965;0
0.4590848104593081,-0.0400887035856534,-0.8535834819531437,0.8614391825359518;0
3.616026034731438,3.888479488528386,-3.4579528493302885,1.9157128077082324;0
0.4683472569217115,0.8245665236421078,-3.3167481008138955,-0.9596407645697522;1
-2.579392972090454,-0.5929518060204524,0.2924228735774672,0.3754669100124482;0
-3.947951153853449,2.405083400562577,-1.263234558501734,0.1306388538091936;0
1.9460415535537097,0.5549449076467843,-8.471942114573316,2.03802146591577;0
-2.066605832362436,1.2285980265739198,-4.006048426539757,1.2922085564481849;0
0.2448616770839999,-1.320474979249376,1.361401483923712,0.2713747634180263;0
0.2624093176468196,0.1543181717805596,2.7693898592541557,0.4177044173270022;0
0.1773298947306203,0.4932863819242098,-4.883513692052777,2.810428765700701;0
3.1084072018173137,1.0712184545548618,-0.2137119255190488,1.6969916773262463;0
1.899715570567377,1.153515049281829,-0.0402166128357368,0.8184562906139629;1
-1.084774186786575,0.2086101282293903,-1.137947230839397,1.4985358667831856;0
3.5505042298910965,4.18935140818697,3.3594546870667368,1.283400073025298;1
-0.6535477522071702,-0.2064337977650451,-1.1303125449674298,0.1931823747080665;1
-4.760566887375293,-0.7659857384180503,1.8130830530758035,0.6901159413724995;1
1.5572713594183585,-1.2569036739480606,-0.0335067489737826,-0.3406026610795651;0
-1.227259380030717,2.0848490190121045,-7.291621554313254,-0.4941380422650149;0
0.8629378218430473,2.4129975341284022,-8.7639718539497,1.4016625627098231;0
-2.303095428372922,0.935880544071666,-0.5495156266763005,0.1797902101879009;0
-0.4439561015922938,-2.1196079634136265,-2.803209478246781,0.8725401273260418;0
0.5051114892729327,-0.0633623738798537,1.7957093736490235,-0.2083776809553619;0
1.4385310283855512,-0.348756655978419,-0.0961153473287926,-0.3159656844866192;0
2.439131671589223,6.494766558337584,4.816007665996235,4.792448044292457;0
-3.0477660134756324,1.166303655504532,-1.038557501162627,1.9011288715374484;0
-0.8945171919976,0.7757824582930568,1.7552703621852777,0.3280174250060529;1
2.0302094861068225,-2.44091985401089,-2.0750514459266576,-0.9706171454993062;1
1.2999763048152078,0.4415938292344452,1.721472288966819,0.612947231212474;0
0.1246008155106865,3.7122809698222072,-0.031116741835651,-0.6686040876399;0
3.3460498702965773,3.94297967172296,2.348111060453732,-0.1813181199985785;0
3.724907551801857,4.604803978937248,0.2511065742345288,0.5541000138692955;0
-0.7798039591323336,-0.1791414930843954,-2.321997650520446,-0.0337946960818605;1
-4.098102150845142,0.4914609857627549,-4.712794408730503,-0.4347168831986265;0
1.3410353449761063,-0.0344326695261674,-2.8844217512724213,-0.8010559391658223;0
-3.119730516203267,0.1958234298530651,0.8339213246053738,-0.1392290796667696;1
-1.691948241858834,-2.3724859502694664,-2.2790135741251816,-0.1617598689024899;1
-0.9719501008707624,-1.5106628308994767,-6.88787929720408,0.5356555885410087;1
0.0082978410296076,0.005621108384684,-2.5153410537908565,-0.3247441511262178;1
-0.7572732257814161,-1.2740595388184053,1.2049572219876532,-0.6447798450878377;0
-0.4543020113110473,0.1347071195662689,-0.6927281753518792,-0.0891541787004944;0
-0.6923139359012895,2.0805703667655,-2.537121261191594,-0.4582542034809272;0
-2.335742468480391,1.4420494383502018,2.062494678443586,0.8318749474752092;1
-2.896647137382888,-1.1930569949274734,-2.396026447196257,-1.541376918266792;1
-0.1118810962117461,1.0147186307392122,1.7521079047145738,0.788604875744529;1
0.3062439684379636,0.9999026746498128,1.7458518500009872,-0.4035377860421014;0
-0.41857275123524,-0.5540385690410139,-3.098149116220097,-0.3503067239154331;1
0.7440594880528774,1.971804188480887,7.097067734796834,0.7782135710817427;0
1.3427527602981222,-1.9630917541574016,-2.9610284477781814,-1.9083575094385536;1
0.888075791909753,1.1253692378843765,-0.9731655646478948,1.3745363768853556;0
1.4194380852722048,3.2272178755825163,-6.132725347842752,-2.646029351955605;0
0.9295206095092504,1.079214392861754,3.3682652546663707,1.7705229431335423;1
-1.7899192843567395,4.145152303353709,3.830745595781076,6.784650900931018;0
5.109988893298453,4.626057955356448,-0.0019725085060593,5.288529649864744;1
-0.8166690350255543,-0.5240278791521494,0.7502580840742602,0.1889927440730114;1
-0.8879903573894616,-1.867603461667687,1.9442517023832857,-0.4708356984852654;0
-1.7487938043034972,-0.1300395423013371,-4.021224702838052,-1.3865616203888365;0
-2.002189950664212,1.7182210188435212,-0.1314553615885688,-0.7977122429906909;0
-1.591238464446041,-1.335194711773513,-1.420599932281332,-0.0946348420863079;0
2.9880239082268147,3.797408625888736,2.320164903099128,5.729692950544237;1
-0.5789335500122661,5.0243825505485455,0.2066493939451978,1.2195775000492468;0
-0.7020801455213491,-0.1760853691079662,2.750929522648532,0.0101476201683484;1
-1.0975375358590005,-0.6456388469241231,-1.837223730387264,-0.8663011764153143;0
1.0496791171384492,-0.3583151234344606,4.40424653609743,4.327215184160809;0
-1.4122258923418287,1.5887243022963629,-1.5655101050202394,0.3050723372393796;0
-1.892995573482084,0.1394552914404883,-2.4659778128088186,-0.2331171612488209;0
-0.5561611807066478,1.2306863583203174,-1.404882140184902,-2.349750363103313;0
1.0386282802498732,-1.7684958931399024,-3.0923667083881483,-0.4158648969298271;0
-1.7456375661017731,-1.3867469384786089,-2.4755225806563,-1.0575980801165714;0
-4.52598009325707,-0.841292948192415,-3.691900854585525,-0.0824748287422259;0
-0.1205606917874713,-0.9589051740787642,-1.7456756392378403,0.8612909134199596;0
-0.354304774103712,-0.4793909075465766,-4.460996492920991,-0.1122377697441997;1
0.8801571207363348,-1.751594084716617,-3.859036769197825,-1.677664693071721;0
-0.639703042707281,-0.1698126279950564,3.501926474745931,-1.0060954177968326;1
3.335618533154048,1.6606822040173157,8.195905256781693,-0.3782033344341382;0
-2.4270620578224795,-0.7559170331145568,-1.0180040816735,-0.3505547376353639;0
-5.241058296876712,4.784882567147084,0.3431141323995548,2.279049657336772;0
3.248143433888955,6.441348138525125,-0.7222047589148356,2.4519012563761926;1
0.0435498107690359,0.6047140421228019,2.597651277121085,-1.0550541175052743;1
1.262675605660821,-0.4559979951393186,3.809303171900409,3.173629959607065;0
-1.4658588110469404,3.070900292298397,2.545786164160241,-0.3921887263063133;0
-3.491460958257748,-0.910795054790252,4.370403953242048,0.3227614985956176;0
-0.7593826024594719,-0.062104588179601,-3.74210657551649,1.1172722859251798;1
-3.224746062574887,-1.5124493577228526,-2.663394568870042,-1.1223820525426795;0
0.687246093457548,-2.417129252744329,-1.701844512239603,-0.8219464829147243;0
-2.972728042160063,-0.714441243851921,1.2713824776235858,0.5061141853303734;0
-0.0142425634454047,0.6568421244828717,-2.2996953771865827,-0.3801227214198387;0
0.899952971215757,6.309755779604171,5.481728091709593,2.823922214678875;1
-0.5763724651703898,-1.541866374943353,-3.526602428104071,-0.3034742947408426;1
-0.925336974307416,-0.0361643479546462,-4.328330244083956,-0.4002330787829796;0
-0.1636881087369008,0.2083880617385038,0.9100984045738028,0.661779832791057;1
-2.9044418190532464,-0.3484474637942053,-5.589440995542548,0.001203608357259;0
-3.3237909460098964,-0.978629057184708,-2.883327637520356,3.3815780140809784;1
-1.950281829190109,0.066963474933256,2.4940579996250047,-0.5067395593868782;1
-4.5348602346748015,-2.317428266525476,-0.1355128909262869,-0.6402067316303619;0
-6.412862066721905,3.282905214467153,2.35449568475554,1.2820242059340514;1
-3.2534853062750164,0.738926128106177,-5.590200707089348,-0.0815699764928854;0
-0.5447341332496314,-1.9950010101865567,0.413375484952422,0.9157891905161116;0
0.5115511453755981,-0.1946163673600959,1.0472555403248496,-0.1598852343613108;0
-0.7582479553636943,0.8225839260261953,1.2700428836112103,-0.6544817573343459;1
4.403258902020637,0.4020989377401256,3.012863830283679,3.985605212685007;0
0.1600094819560757,0.4669730079298534,-7.002122364915845,-0.3403562666077164;0
-2.247366979732049,0.9714054624357088,-7.226921000041818,0.4457376275502216;0
-1.6538519686840591,-0.7915586287079228,2.7993770760019387,0.1034671086080524;0
2.6885235175564435,0.5097195851741472,-2.079947482166968,-0.3734668176985168;0
-3.585378816427726,0.3280780301346993,-2.9108538519120306,0.4783300895095663;0
-1.5571008711690086,-0.2003756969893296,-1.1770689109875243,-0.2488068489585872;0
-2.5914329084645606,2.3543253192865388,-0.210171810881976,-1.1336020957170865;1
2.1576823346309344,-0.1214178171525734,-2.1260330142333896,2.487299477264115;0
1.0228961136751535,2.885864616688006,-4.872040293338312,0.5857311320447582;1
0.1053789162214626,-1.0440320930465572,-1.9260093092364128,1.826685887829849;1
-2.8433002561564797,-1.216983739497138,-2.3027939682968426,0.077064133026093;0
1.758459173789599,2.689504150229362,2.0271134118511456,3.440817024487082;0
-1.6843691149070907,-0.0224645658139823,-3.4336656658195714,-1.49806562123865;1
-0.3785637762882295,-0.8679698186945144,-6.9888264584332,-0.8081847624752643;0
-1.0960346390094473,-0.8969041570317504,-0.5178737726745943,-0.3565333536156688;0
-1.6145415510186,-0.3703892356470313,-1.387729186374317,-0.187996763157437;0
1.4328061547677968,0.8238157089009582,-2.9645589074017966,0.552585714817417;0
-0.1253157570955329,-1.5765251900999404,-2.11471395374804,-0.6958813540453521;0
3.126197456921425,1.5485155265976696,3.854785215098002,2.9961779599104457;1
5.23850057605714,2.501163070606659,-3.370668013870864,0.9202115184619446;1
0.4937812709150386,0.125116824494275,2.447926764141914,-0.9979858500290634;1
0.3611663280214404,1.7251275291828936,2.560980516960351,2.3381828785893144;0
-1.1069642730708888,-0.9103032542205848,-8.067285528089105,-0.9532140862081764;0
2.631566218487716,-2.48204111004673,0.7270621354521314,4.004526492543016;1
-3.0318510983152915,2.565655998749063,-0.618161361994429,0.4370097695569648;1
-0.3415005302441766,-0.9833127123898732,-4.559155032375642,-0.65191457871543;1
-0.5099773797016507,0.268482539500271,-3.4369372524423656,-0.7567912867322493;0
-0.8909001063356643,0.6795402545547791,-0.2881567981036446,0.1868841257994579;0
0.1242288172035549,-1.2524425088548734,-0.5524792441336067,-0.5783094925836176;0
-2.6083785961272508,-0.415577103852223,0.8379907989858111,-0.2553223632275331;0
-1.6515571715314643,0.1845278965409766,-1.122743496958862,1.5065781467034016;0
0.2758401258076745,1.0567584720941978,-0.2294064371691329,0.1520964550649894;0
-0.5710446868935932,1.3735242299707917,-3.2980744426019832,1.5435019120373017;0
1.0357560546572966,4.267996512380504,4.876410229854013,1.297516981693534;0
-1.9975757945943975,1.9491351129532373,-0.3162649127334584,-0.1281750408493562;0
0.6250789961046642,-0.6200151896539521,-2.973181749777031,0.3299091842674402;0
2.490296431291348,1.5895466285860749,-0.569599637192135,0.6567556771577031;0
1.0652008817780851,2.4081153694133235,-0.9266266151263352,-0.5425765994722453;1
-3.4915838571043523,0.7744878601543421,-1.3759504381205343,-0.6593120647250501;0
-1.2047429525776012,0.1204017092662307,0.0498802504315156,-0.6297903277266661;1
1.3192206405573983,-1.3149646681060794,0.6371786360798113,-0.7663347115717393;1
0.8329253616103823,0.3444844306366058,0.2338501842391351,0.052186387706857;0
1.0651950203738787,-0.5974682034110509,-6.550229366798096,0.0851457014864042;1
0.220820223937591,1.4753460294377645,-5.419998178189681,0.8246350700913792;1
-2.019562485028818,1.0584953878476453,-1.920835409991911,0.1070832105222405;1
0.0355616749176144,-0.491842267919205,-0.4944800278627367,1.147339000611104;1
0.2052838002989048,-1.5851248024087137,-0.9065593007751258,0.277317975599086;0
3.4780956247156194,2.6750221655898514,-0.673829792672924,0.6724300933371485;0
0.6549017077140453,1.681637487749351,2.098478717695172,1.8582677470158009;0
-0.4072456940999598,1.0793393794880572,0.5360371100827628,-0.1962826314721665;0
-1.784202266831589,1.0367215042683158,1.1579379501379874,-4.854092710401353;1
-2.015998809333414,-0.6417234592294312,-5.774345280338999,-1.6375639182331096;1
4.000416177038933,4.185109734754367,3.270072581493761,-1.6320157290608663;0
-1.4388683904560338,0.452131472406849,-1.4831059163671552,0.6526205950065309;0
0.9807805248437352,-0.6363887788055768,3.221126610350808,-1.2859242915477425;1
-5.386195658459048,-0.0190565341793599,-3.915112248617133,-0.0323299065819389;0
-1.2124519462389487,-1.0883067105089117,-3.2775992084202508,-0.3204433039100165;1
-1.2001398859836232,-1.6341008737580769,-6.4267482356014245,1.4657437844545664;0
-1.1188820580415315,2.281375570039799,3.213869966503162,-0.2396841749941853;0
-1.4224295779577445,1.0891931971254505,3.7526358196643272,-0.5001321232072766;0
-1.7822989706083323,-0.3266073559763993,2.2680887039277926,0.4659677541886262;0
-1.0615902899504994,0.8335656279284878,-0.9539265667266708,0.2439928445193591;0
-2.3113184628372103,-0.2106903168099999,0.3138268946587381,-0.2982900303891398;0
-2.920427651685225,0.0705253623816236,5.260077389764443,0.9034596459704568;0
-1.875065551143424,-0.7245597070629848,-4.996238061695614,-0.460178222933612;1
-1.9804904995813504,-0.8201215666103769,-3.660300650876034,-0.4724092975359999;0
-2.012753594555268,-0.4091313904830286,4.217800423592601,1.3303208487699605;1
2.2499756322333613,-1.1009567141588774,-0.0588567832694415,3.224621405801765;0
-0.260585303823964,-0.0436835997510351,1.820201639703226,-0.5478378310475606;1
3.0724030589830784,4.188329520716558,4.829366408429591,2.2513778481072046;0
0.3559904885633687,0.0622247352714018,-3.0920409488486715,-0.6108887785196698;0
-1.0297458157242418,-0.2222218775552762,-1.272115181787809,-0.620351549538614;0
4.717749928889594,3.449784635059129,1.002124477729238,5.253122797481484;0
0.6120920582279687,0.4241389255784469,-7.115476844904445,0.147578045760194;0
-2.331907791907584,-0.7108352007948352,0.785492960208654,0.4177040100676026;0
2.597375331056955,0.4606251507513939,0.1939445309727618,-1.1481612305497149;0
0.5578433687119837,0.9418299282155352,2.855455526081124,-0.5725446154433214;0
-1.9806240851879464,-0.0266004393660481,-0.0713289212724266,0.6340458255886751;0
-0.8624443642503363,1.0389732336246946,5.587899311165704,-0.8740369668676534;1
-0.5548491220949308,2.425197978456349,4.2260907989838525,0.2977035512888668;0
-0.4238819369312759,-0.3578273018674374,0.4490226857984121,2.04204379180302;1
-0.5547670521517769,0.2779638805498544,-3.605429619629709,-0.0934766690205329;0
1.157709178830391,1.2409109889072956,2.1689260208770884,-0.5889860940180682;0
1.3869122138592915,1.0298870602362806,2.870421974183539,-0.3297628861259591;1
0.1676873940163367,-0.1817023601832718,1.7336180406069652,0.7171754544292301;0
-1.1015964787961536,0.3344878326918634,5.342947620234408,-0.42812344389257;0
1.462178290986886,-1.6854449696433482,-1.901201355226711,-0.4102755795976107;0
-1.2428222402217328,-1.402911342774506,-0.7622457971745595,-0.2468038400303352;1
0.8649236684770383,1.817574264497259,-2.5590446265714584,-0.8048968340741817;1
1.0637870448873894,1.35397905838246,2.725990623273069,0.3632183545258944;0
-1.5771183822872674,-0.6796093412197832,-3.0825670694174607,1.247213374237503;0
-2.0062213180700548,2.44667101372172,4.88041960771549,2.8132224297992856;0
-2.436551777137641,-0.8374769231677905,-3.5071954440193496,1.0209165982504689;0
-1.9040106362523608,0.0611950157444923,0.0609881007376178,0.2958003562311586;0
1.381099985711388,0.025497419081635,-2.769895247277482,-1.4597656180452518;0
2.218094448670434,1.4824023384965883,-0.1858895264321389,-0.2864405466754316;1
2.3606595147463354,6.123209837491538,5.019104250896353,2.891963220884023;0
-2.919236879009004,-2.3977832406751247,-2.3849828161086832,-1.8919970814976013;1
-2.114914797272646,0.9975634782809736,-4.903922201600225,-1.084134402969595;0
-0.8152317208359557,3.391272183082915,-7.9135389264106415,-0.3404093616455335;0
-1.5157744742551216,1.761274992046451,2.950858646492492,0.6390689559177954;0
-0.3476864841529763,-0.1018357617326153,0.3725365634151862,-0.2725948849736161;0
3.2859373921251422,0.7536130908107357,-4.17775650815276,-0.8141738123555302;0
5.819803622989704,6.962565919940264,4.757667499270616,1.792302494091548;0
0.1805967749056187,1.5015279693597452,1.259423606555505,0.0920767829142916;1
0.1320735869672695,0.442369179821256,2.6107067806264306,0.3349292769108982;1
0.1785829519923137,2.4463713162837184,-3.3046085741873497,2.845355537247196;1
-1.167622805428128,1.1430848799894635,-3.206656554598219,6.96941277785632;0
-1.0073894180947978,-0.7646999826144651,-8.114266493021486,0.964736873055358;1
-2.4364455091205377,0.069976100652146,-4.676741311677571,0.5466687868246101;1
-1.7369695948188766,1.293477778389048,6.581880228543469,2.7570413651922;0
1.7713389141226847,2.248650289487866,2.290946636286474,4.384688581455918;1
-0.6018213742854281,0.3925065369178681,0.1802237519202457,-0.0812363025395683;0
-0.9626835923576144,-0.0442644944793914,-4.032048490476633,-0.4361561972450745;0
-2.3560146646353117,-0.1374270050129449,1.872353091662628,-0.2220751792715367;0
0.9075795224270772,0.0348439883465268,-0.6763455812517349,-0.3070469416236809;0
-1.9069203995468884,-0.4056090410533096,0.7988339703237632,-2.256195117036546;0
2.297461218496532,3.657814755863317,0.4812288835071951,4.605949870946742;1
2.9805747304063845,0.5592335054073696,-3.079006547430623,3.1707091637138145;0
-0.1437122165955127,0.3081474172882116,-0.2108214377368915,-1.112598947025172;0
1.7942093791159774,0.7489291851392483,3.6195149443578822,0.5600359450493289;0
-2.040223907017819,0.8163071871123404,-3.094631909400786,1.1746310280910426;1
-2.2911884235110733,0.0661038801000765,2.2994568982945687,-0.0196423374045496;0
5.284017949380989,4.611102299291461,-0.434687054825587,3.530998889063768;0
-0.8566715946459228,-0.6739677736080509,0.7375328436646447,-0.407981675044458;0
-2.490681651413617,-0.997255912186522,-1.6512960500159055,0.6944689748797237;0
0.7356846529560028,-0.3986994829915137,-4.893700544764245,-0.5039260442137667;0
3.1620903574929637,-0.6659491756025651,-3.149492370229144,-1.206424170809518;0
1.8072659132028923,1.692771488876911,3.711491221257806,2.926375817221043;0
4.025302515094515,0.2704016534387039,-0.3223814829970139,2.7511291465021683;0
-1.5848097199818654,1.1885450051421615,-0.6537706551406379,0.2735222389365467;1
-3.867780085900242,-0.4072828613376313,-1.83386989142382,-0.0096535840258492;1
0.0291350138189939,0.356328000820319,-2.951159851876702,-0.4919202423730191;0
-0.3272729239860836,2.244436036558853,-6.849795189464641,-0.0341901044690911;1
-0.2352127440135532,1.316690522741779,-2.8726713867110134,-0.1987074292967135;0
-0.9512317458481973,0.9823420363927292,-4.538013917624456,-0.9698973815079428;1
1.090107600729976,4.583996557761413,0.9201634017071496,1.999302604985953;0
1.3962666926899916,-2.654497217404121,1.6282845366298584,-0.2794133301640928;0
1.7651623261750071,-0.3502674577813784,0.0036495726230701,-0.6019887547800048;0
-0.0013656573616132,1.252872006585314,0.2086664579101148,0.6786164006018183;1
-0.52521814906014,1.4907989621433224,-0.1811067398374931,2.689770527229941;0
0.3733809288932737,-0.3894077096290281,-3.6757734490313383,-0.2864100790764315;1
-1.876832546858648,-1.0188937573822052,-2.5141676519783385,-0.4136884625794895;0
-0.9787381981489308,-0.6462755839383933,-1.39793515833585,-0.7382991130433829;0
-1.1456363164780772,-2.116272867611284,-2.256125469121101,-0.5200071439307546;0
0.0557025070570027,4.315207983715873,-0.5290361617819319,6.205846551152382;0
0.3520496525027913,0.7424407629984842,9.965744681336172,-0.27924388909208;0
-2.519684944893408,-0.3574308483546937,-0.2675821639587272,0.4545424136286957;1
-1.1600601169442035,3.644347512485637,2.778974155702995,4.539189917643597;1
-1.5425098908544397,1.303355659794926,-4.6643973091597735,0.4729079676658545;0
-1.0997094972605244,0.3045584517873904,-2.0920682080977917,0.2212094335042482;1
2.269614780817633,5.478969636068998,6.367422633795004,2.8915386698541345;0
0.4940985594806186,1.401335345898618,4.893424837889747,1.9052631573779013;0
-1.3202620233527558,-2.285020191020221,0.6612563118878805,-0.5648818671175312;1
-1.1033142689575932,1.6703949366313502,-6.5910513838699645,0.0240754170171473;0
0.0213263185879584,-1.9194447619249249,0.0441869736907885,-0.3887207843640173;0
2.141458079021241,3.304859828661,0.4822505398868595,4.513995928614278;0
1.469192293164717,-1.486319840115192,-3.620965457072072,-0.0633443790405155;0
-1.70320654945546,-0.7366899639047088,-1.9326411103974872,0.5379485520478431;0
0.7675110732866037,7.96215998000504,7.176425157892101,3.3860445936767265;0
-3.247901067633188,0.5603236297717378,-4.096702344481512,-0.0038374670360176;0
-1.5557215134712443,-1.0324398701095234,-5.021817993747408,0.3951336404452595;0
-0.1423980590931847,-1.5531889081943888,0.521647580817604,-0.0391607243865569;0
0.409861726078391,-0.2846760019786929,0.9648707077751546,-1.2655485315841355;1
0.0750635847427118,0.881584601057769,-4.472075770336038,0.5158919918066237;1
-1.3366111267736709,0.7441588066810867,0.0860463834244265,0.2728458505564107;1
-2.4250824571277088,-1.7249238637704356,-4.510954872640846,-1.2094921080762555;0
-2.0500673750015967,3.623449816678419,-5.073914178338001,0.9656130458657078;0
1.610369442102454,1.1817062907545983,-4.813605848634605,-0.5020185192618083;1
1.707754928028971,0.989907281493478,6.572317937037822,1.1366204996591724;1
-1.054773438125293,-0.8182343696138017,-5.527096545415734,-0.1263497548291089;1
0.245664348600636,-1.6116991236561085,-4.862186024417431,0.7000021504202094;0
-2.491939271442128,0.884540042003786,-4.264681111929426,0.3640372210986048;0
-0.4491051152123911,1.0505103919687335,-1.6767080469682445,-0.8925732429000981;0
-1.0105081545951986,-0.2240626830801722,-2.57132578305008,-0.7396606538711941;0
1.0588052547264688,2.233253655472333,-0.0535339306782146,3.47859160525661;1
-0.5476566199845403,-0.2159318381329835,-1.5127551050403916,-0.2133950018515752;0
2.025292010690925,-1.5752443366233873,-0.685296219884132,3.3309969088588987;0
1.3607510600584112,0.1874655803012192,-0.1889323998598149,1.744902645512174;1
-0.4151817608519757,-0.7684218262193487,-2.321531502043541,0.7350812086443383;0
8.403806735534037,3.203172161761408,0.7524813983261578,0.2850819999502978;1
-1.9373835106329629,-1.7543844387392546,2.2451267434669013,0.018674578287052;1
-2.193438178348206,0.0937487626236398,3.024360919487997,1.6302514740066956;0
-0.4532642182468733,0.0751345868302668,-1.079280711664418,-0.3114606818737419;1
-2.8365519357245104,0.3526039703969801,4.494414330868043,-1.120782601309786;1
-1.2768029123286089,0.3800858744997031,-5.131422014326353,-0.3984461518391713;1
-2.1351816026549644,-1.003923925261205,1.100026219771567,0.2028441234976211;0
-0.1662888358112594,-0.3398895297085769,1.6609407586587526,0.6552695237700846;1
-4.4332345573797625,6.460591841840555,2.4521981616159563,2.4308410561869565;1
2.777124631761247,4.492339394189239,0.2702475019846941,1.7111937984796244;1
-0.2528206327008535,3.002650988279319,-2.6369149885611733,1.7730594989272346;0
-0.5513725247431991,0.029506041138444,-0.1903265709054729,1.699640081270868;0
-1.43884455541598,0.3725427553572961,-2.883793527108483,0.2832158715068339;0
-0.4424116203512074,-0.0140167689919753,-1.716803409342213,-0.5040545286640314;0
0.892118116319907,2.5623273959814434,1.6634318403962118,-0.0177638762714115;1
2.413922434697039,-3.960940489989413,2.608918015866492,0.6970687781614835;1
-4.523033108215298,-0.7375263585125635,1.3278406828653118,-0.0881706584328284;0
-1.9197449589105084,1.5408796512807943,-3.7421574731207152,0.2446931585829315;0
-2.345523543015329,1.4025910082799795,-3.9833352697024704,0.7760317589783476;1
-0.5816825879927048,-1.733847301193714,-1.9366115804473492,-0.8881237651311977;0
2.423396072899559,5.45292571633832,-0.3225317307613293,2.31009079635901;0
-1.6256699672129111,0.4788233868327137,4.2297386899266165,1.0003937262598297;0
-1.0995862591854322,-1.0937351658676002,1.009851960397249,-0.3690616606691564;0
0.0690060182009437,0.5429571546723584,-0.0749659497734349,0.3497707414329296;1
-1.0428770048998337,-0.395899820204944,3.345893266968272,-1.4854735478181669;1
0.3163692907466219,-1.3927479132078178,1.3354196198316872,-1.413169614693165;0
-1.0638609834054662,1.1627751149687973,-2.3416910198182546,-0.4006290927630815;0
0.7646203923632398,6.960789368052399,1.9801560103266385,-0.238715645889372;0
-0.5913034045166905,2.2555057703716286,-4.131933777732541,0.8362398955641617;0
-0.3639384787744137,-1.870826329253144,-0.1781616653228868,3.4015658923859484;0
0.5388917562895323,0.834358946469195,-3.0985094475982238,0.4962670695171579;1
-0.4472667771345757,0.1636587758663537,-5.232396559581936,-0.3308328868578937;0
-1.0977320878978711,-1.0821684950820352,-3.4795488895259075,-0.2320130112575318;0
-0.7692520919816737,0.8456628406089879,0.0086906229693719,-0.6169257058055054;0
0.1359116281039624,-1.134613348864258,4.424896307389646,0.7200019862717864;1
-1.3798889790970217,0.8878985776858824,-3.114156094172708,-1.0225784443543713;0
-0.0773855887601417,-1.1867648851986474,5.8212463535075045,0.2796321742470444;0
0.6802863528956165,0.4096271830077276,1.838527789788688,5.856979693045316;0
3.438994494548867,-1.080058684200443,-1.827294401742381,4.797369791985848;1
1.051719188118578,2.0893159959290384,-3.005057002334601,0.0449858969598355;1
-0.7266345055755421,2.0370936181603865,2.726038035747538,2.2563935294448942;0
1.6486962495096669,0.8040428166833323,2.583065946830227,0.4023491854961797;1
3.460696522770423,3.2183800156410003,8.915592951122656,2.216906543741448;1
-0.733336224453423,1.0819342378223311,-3.2103367825162934,-0.4181527323666561;0
-1.889109197642723,1.6836012308049826,-0.9864214811118216,-0.2997097630344343;1
-2.519137672986521,0.3273886324819365,-3.335285693503357,-0.6583660351759284;1
0.625835490940945,2.3318059842532897,1.4639569203925515,-1.7248907370975424;0
5.988427377397688,5.384043095962072,-0.3744473384271845,1.229227742387989;0
3.89181456989509,3.4368793918436213,5.550697422095697,0.9246699545475;1
1.1679071281187572,0.6901480299187033,1.756275649766407,5.14257704140268;0
-1.314108879843245,-0.814433483692187,1.6484563377586638,-0.4400032028069774;0
6.181825303586953,0.5708610072821163,4.903417217358477,0.5953275651300269;1
-0.8890550647015237,0.6709431954016596,-1.4539636049088789,1.412579316000618;0
-1.254532187169641,-1.364679770932197,2.0660262707183907,-0.5339785999091982;0
1.9548074220721656,-1.635992250300775,-4.19788946860843,0.6251518360417756;0
0.1759068282021595,-0.2766634495274067,0.0245381020203778,1.0478031574031617;0
0.256832867206187,0.4477644404644678,-4.933422714832448,-0.8460837183897431;0
-1.1960247455691584,-2.242192127514806,-1.9781927365731344,0.3480597070638369;0
-1.5281416499587448,-0.6992038833131353,-5.82796682231474,1.016134098877386;1
-0.8608519395272084,-0.3679167673582917,-8.312456465588298,-1.6306226760214404;0
-0.6401473509087581,-2.2277186376398554,-1.1480435754853984,0.6056443304693913;1
1.9140103450127484,0.1208599246765932,-6.590831309981022,0.5814307822818431;0
-0.8188975240337744,0.7170119819439122,2.9626187036596123,2.184904551329997;0
2.592164270201247,0.6282944453870857,-3.992866912288225,-0.2626869975399423;0
-3.106234292765149,-1.762293494125058,-5.903785695704898,-0.2149965033940978;0
1.330961687086943,1.501885671480781,-4.202438825046063,0.1282705426529476;1
2.5430494645206627,0.5518503659768939,1.23376147942825,1.3880122971504512;0
2.630471388556012,1.0401937445326417,-0.4978874602006053,1.915548124754932;1
-0.4309467412399529,0.1823578914753414,2.137155707450148,0.0233261512864075;0
-2.7271158571040126,1.5494084719651169,-1.5160358127175595,-0.7279207220971766;0
-1.689225689919304,-2.273218547653375,-1.4531694084520923,-1.154443133202094;1
1.002617409032298,-2.6495469180138933,5.335813213410707,0.3353824485672362;0
-1.1238573406192374,0.2060102514542903,-5.49764753325697,0.503590391723207;0
0.5355749177871911,-0.0849584871762001,-4.543718067574969,-0.2689536493693649;0
1.543246995633067,-0.7557321770187221,-5.389011216107875,-0.0287243399051645;0
0.3342963550631925,0.3773279524531961,-1.40080908559118,-0.1928430697263073;1
3.1987251270508343,6.442940586394911,1.1048987812559596,0.9365499783072956;0
-1.1687449256487967,-1.456131141407385,-2.093627029750154,0.8185275452596927;1
-1.2963186192217144,0.4981685519570307,-1.8221121214237144,-0.3475604535556432;1
4.54117881051218,5.668469941287242,-4.087592213901493,-1.3895073850794497;0
-0.177223404804544,3.0608153401550244,-2.9965979591852787,0.3060024450888188;1
-0.2923701936007316,0.207048431208324,7.325672459067175,-0.163679944909567;0
4.3513215702370704,0.1288366185944947,4.394621024488131,1.8437235118647952;0
2.093967500949728,-0.5136791306940596,2.2622988944447107,-0.786054669469521;1
-3.311325463301677,-1.276083303564183,-2.9798923888199345,0.1735321842170568;1
1.9413901016356587,-0.8878448028983417,-1.984817259921102,-0.0382543487488633;0
-1.0289911962590583,-1.8616372818564544,-1.5467999264380592,1.7937022590582008;0
3.4971583071627586,-1.4120423528229062,-1.0586261681401563,0.1153847643899988;0
3.2019442086401355,1.322453313896501,-4.227950463887598,0.9964686597765212;1
-1.6127591691896117,1.1659844301076507,3.0289090507097267,-0.3393796052172626;0
0.8326163892902665,-1.4708885654541677,-2.926554451571627,-0.2175604574030005;0
2.3518765384906843,1.4778703629545795,2.508363795306962,-0.4281065083216188;0
-1.326820291297081,-0.9483427244005588,-6.1111561920944695,0.0862083973271859;0
1.6353844525583252,-1.4308384089194472,1.6536206290511817,0.8633749182745845;0
0.792359505335434,-0.6327445987671092,-6.2693108886485,-0.4218854618431977;1
0.5921166450659094,-1.4055806586490087,0.962428179482438,0.0649281470273901;1
1.4470229602851743,-0.3646947119826481,-3.6814146875273375,-0.4414948213540639;0
-0.7156081137875648,0.3796347782455663,-10.474984047840936,0.2934797927206042;0
0.1466324396492785,1.6368831720125343,-3.6922300391422223,-1.0185460896976897;0
-0.2458298888504021,1.3200176294387214,0.3898773982361397,-0.2605279785303256;0
0.0452254748288614,1.2606565062330366,-8.182602052138265,-0.216004150856829;0
1.5383631124786432,0.3290182369853488,0.537223114438095,0.7722555195660573;0
-0.4060372820621798,-2.087721040946046,0.0189642789188853,0.2172554965855811;0
1.686181370894336,0.4948369704447358,1.5461406655907093,0.1006709143881499;1
1.481234893182787,0.2283683047043961,-3.259685082370168,1.3633092053140647;1
0.9707367806780968,-2.3397469544265417,1.5541671788624647,0.8438735092160848;1
-0.708476569972379,4.468060794143176,-4.90856407118703,5.607198657433239;1
1.5439442102984389,-0.8056461182697919,-3.750574429237004,-1.2762779728352012;0
0.4579113941059822,-0.7967585474329648,1.3530039948878751,0.6564189772987626;1
2.5081321212209247,1.0786050545819874,1.8493668241073489,-0.2170558678988791;0
1.604472889560511,-2.4786362471527807,-7.371115304337745,-0.1729545677323356;0
-0.6871916464367499,-0.3819998451163184,-11.3484301559278,-0.6941775256213963;1
3.333296651341287,-2.3312203844786312,-1.356277837220946,-1.8307881782831832;1
0.3835046080767196,-1.078702241293204,4.823902293634562,0.747246634130322;1
0.2383074890825082,-2.5617886874177485,-3.5635417984903457,-0.140929561577122;1
-1.107843627410333,-0.5391366272442669,-2.26944667498634,-0.7459464816331258;1
-0.4470521094520178,0.505991533422225,-0.3494773137161907,-0.2525205459432764;0
2.092867968637308,4.61052323556157,-3.504468841568387,4.046375280323368;0
1.6179442616997368,-0.6723561788029511,0.5451168056666044,-0.3405777509971007;0
1.563877113232344,4.156417301918381,-0.5715405739860256,4.153118778374041;0
-1.951639773766864,0.2918435139740641,-2.3207773096021524,0.0218891194788927;0
1.170900283818504,0.1713996155260395,0.0642594293950683,0.3486855616718943;0
-0.3848513396545577,0.5029470288120919,-8.398117357414922,0.0537821566790752;0
2.112046830898716,0.3390012005549871,-3.3636179020695094,0.4230462107032759;0
0.1447722719318442,0.881687131218005,-2.2026317793872816,-0.0148627092419704;0
-2.1727893121971227,1.265735051046232,-0.1432534925910173,-1.35515780285432;0
0.8993591843126981,-1.1460982903488195,-1.2518516721341213,-0.209688529030021;0
4.046486938626467,-0.9788815694335324,-2.690868682020052,-0.6258260276793883;0
-3.0623711444118107,-0.0258999370560069,-2.220933547794154,0.3992251660731432;0
0.2745681200380411,-0.4392017924465468,3.664357639860692,-0.4462629280979456;1
2.1857787385054683,0.4939282195484825,-0.6440525144080782,-0.3952166474835148;1
4.429996390592621,2.906630894173503,-1.3042360718901314,0.779811321706515;0
1.3635130786586265,0.0228821753136569,-2.097143780578014,0.5454951229675382;0
-0.1492900577086361,-0.3011174701519465,-3.9524606126099897,-0.1472733477828288;0
1.4496159605327874,0.9725095707330979,-1.4067800729452085,1.1975654313735864;0
1.6311770196160067,0.0284133607344801,7.4503307941879156,-0.3636499649727482;0
2.1780781559957823,0.6921273114246415,-2.223478500590896,0.9273824101720796;0
1.2969995856840266,2.84765613997356,-1.5824998087303668,2.41500557278491;0
-2.438306732504393,0.8652385225320056,4.964290042414152,-0.4722539822766978;1
0.5089762560842803,1.5223400601030006,2.9645403127747016,-0.4807819905743887;1
0.1139903683384756,-0.9868422854276276,-3.3753506671814018,-0.9677085188865866;0
1.220607908103306,-0.4568665746305203,-6.428663196857903,-0.6644900648235005;1
5.661103864351481,0.3480910688384089,-0.1752452340539111,0.4447798898726168;1
2.51256122354164,0.6055824643598564,-0.980671090417608,-0.4354864289831406;0
0.087847945225791,-0.928325804142079,-0.2870114867376641,-0.2685810023524646;1
-0.5506126133806132,0.3381000926895194,1.46218692308396,0.4011589336415093;0
1.5602908251466503,-0.4502790430004292,2.601988517694264,-0.660927533111177;0
-4.222856033666528,0.2755192978047811,-4.930704528231253,0.5439923394835444;0
-0.1452794645191685,-1.5128148828539207,-1.1709103691508955,-0.4275701737457928;0
1.2206583629051295,0.7025701861301864,0.3015658746603582,0.2982818557956467;1
2.802149926512527,3.826013544239151,-0.4310100597184815,2.333085991162792;0
1.6366545257183156,1.1000548260559246,-7.769184291846602,-1.2875160519901647;0
0.1432153076843869,-1.193107172356337,-1.4463380037440456,0.6944776683261045;0
-0.1889241655105469,0.0525465513086882,6.170163059373938,0.0519826674699959;0
0.6435454095894427,-0.0543757289814927,-5.988840836109968,0.2013025764695678;0
3.804141469527699,5.220062866479776,1.6795574012683467,-1.1129708385920165;0
-1.5423131258897311,-0.7088503734147393,-3.2003180754802303,0.0843508338286133;0
-0.5310393324586019,0.3470257756464346,-3.1181180064792207,-0.0200726229659076;0
-0.7518786184844573,-1.847326860562717,-1.9694349558210127,0.1455630472143644;0
2.0202078056852733,1.6752139973597355,-2.476343439276344,0.2164013833951564;0
1.1653873336939298,-0.1922874942708203,0.1597558426547979,-0.137820510371934;0
-0.1036009599237441,1.1153602261327338,0.4116088234464865,0.1590401106816479;0
-1.053367537863667,-0.5486996973971474,0.132772804281392,1.02036384913257;0
1.0338727800884933,-0.8656362443927712,-0.1392681159869531,0.4590168191786149;0
5.343614901491538,-0.8590305671641438,-1.3169726238998936,-0.8710663934988727;0
0.0364091668049302,-1.6451311356440232,0.1221638412051542,-0.6149563980151309;0
1.8800108688973276,0.3973877343004875,1.7647851344764622,1.1516539487723476;0
1.1002473845569878,0.3145590841302634,1.9542537538180504,0.9437453365359084;0
4.706667473693939,0.7359337381646958,-2.8700074459910474,-0.7785152223437478;0
-1.0229765969274187,0.0754153322141077,0.3395457890480038,-0.343065457886576;0
-1.022025539484661,-1.934216730559868,-3.431940933397141,-1.1756057878662207;0
1.406340523050603,1.5968934454744157,-1.3623205990878688,0.9820929806985826;0
1.5828374907177587,0.9838835068360582,-5.299680250490755,0.9963048623016828;0
1.194140840592397,-1.9369942333048675,-1.110449967158008,1.932331948938778;0
-3.006813903973759,0.1257585942448096,3.4658589041802275,0.2426769927965636;0
1.636903312747426,-0.6281936774911048,-1.5232926571528038,-0.1393200691155255;0
-0.8553405519024063,3.18106600431051,1.9652379101782749,0.0676295006374171;0
-0.8693784169478603,-0.1223737293798027,0.0038880597486012,-0.7518028051294015;1
1.7377983101065446,-1.2808275071419333,-0.8377496045057338,0.2531904326473279;0
-0.7114803782735661,-0.0886007312502825,-0.6961025545928166,-0.3835317746237437;0
2.07193546935512,-1.8209961668321748,0.5216219526914876,-0.7690703052770491;0
1.740215261608078,1.3964020176754044,0.5533710454084241,-0.7798306284213614;0
0.8148888952004246,2.1846786082226872,-4.690405731588776,0.9512788541338526;0
1.5257056972718666,2.607742388871074,-3.046165971229056,-0.3646625615174352;0
2.2512206066261093,0.8709322784674631,0.608395069322841,0.6058570587706218;0
1.6661817680374953,-0.0051388723462846,-3.1435395244034368,-0.9520877256328648;0
-0.00011345508709981188,-1.3035898036955356,1.3922145910263966,2.619237389891784;0
-0.2118942815529917,0.0591971829054293,3.724242189627177,-0.0083045677887391;0
0.1987561118897227,-0.1347931107141299,0.3952240357723537,-0.6389114475255219;1
1.0140522454587495,-0.7303013878984229,-2.308597156436976,-0.6835066389902563;1
-0.6702063109649886,0.2158523836176461,-2.6284569274395198,-0.1659330857853217;0
3.147355617497939,-1.036456823096041,-2.894962768658303,1.2293517625124926;0
-0.8830226456513192,-0.7360984304797693,-1.8677589085087376,-0.2439340170660219;0
0.7216543377811582,0.4973594548306348,-0.9811398613611289,-0.4253348204739002;0
0.1620672396710901,-1.3347530239766394,0.0991837256565042,0.2303512124774304;1
-0.3604000683247303,1.521966407722609,2.774715149525667,0.8548287076687014;0
0.347869417481937,3.69555816926515,3.3474695750922354,3.1956435695554304;0
4.163886554374767,1.4759237320903646,-4.223714508987911,0.5659332988211562;0
-0.631238566795187,-1.0898291287400474,0.4754103617399372,-0.1551770051546967;1
0.8508984201019988,1.2055996390795425,2.820021993871624,2.630104810172256;0
-2.3632936841793297,-0.1063618002587933,1.0513429484696144,-0.0798163859497075;0
-0.6927389987326799,0.5904621184795203,-2.996156065626395,1.404434891181201;0
2.849067625594434,4.109458812420439,-1.0552911640637697,1.7384476743205637;0
-0.7563137370268953,-1.849377256658574,-0.7731054793400551,0.0383237700208639;0
1.5579407283981306,0.2150947655991746,-4.276878254917355,-0.7745997825531044;0
2.7684572976694177,1.3650337468650944,-0.3981408534378758,-0.6304819995306837;0
0.1225837033707858,3.671204466537157,-1.858708325059692,0.4476903897880789;0
2.3511537033409065,0.099009501924624,-0.1789055860372203,-0.3670329627140591;0
0.748497504085146,-0.3895409892451266,1.4009740889508422,-0.6482482523677602;1
2.3275613331847045,-0.9113220528642298,3.263208889438518,-0.8874405343447511;0
-0.0435992699365262,0.4713136395613712,-0.8726497069469857,-0.976815369801862;1
-1.1648976640453377,-0.6547996940458598,-1.2313510985810168,0.0719538368545176;0
-0.0689983238392918,-2.540866295622464,-4.676969027812385,-0.395698589363177;0
1.594023991108655,-1.037266622267362,-5.0771208576038855,-0.0118394279266275;0
1.0144911879734972,0.5141834996754903,-1.8518685817098024,-0.2384532261724088;0
-0.1220906926709551,-0.6180032442505501,2.8029166312074087,0.1343851637109751;0
-0.5939522908316022,-0.8867320713890605,0.2636916070902415,-0.9876030906781268;0
0.9911670438003386,0.7068077164872579,-1.4780051415354103,-0.4872222925659308;1
0.4733180660705093,0.1417624499517829,-3.560897639969079,0.4570572441839871;0
1.5189184348364184,-1.70815271548158,0.9877981341371798,-1.5837316660069811;0
1.4531050449229257,-0.9860975762883586,1.6614225090208548,0.3140476391492314;0
-1.8348576857343408,-0.0907154082136549,-0.2236476864609669,0.2084979154282766;0
1.356477216122528,1.168592705656769,-2.2668892663613924,0.7552049041132552;0
-1.9438587440031312,-1.1851710587750417,-2.697492368876497,-0.2786996619825278;0
2.0385792196114174,1.4154108703248398,-1.3760465926188,0.0030550745667068;1
0.3490330205052352,-1.5643072237282465,-2.059047686051489,2.195642913616445;0
1.683983963727821,0.4678124624815922,-0.5371323103723865,0.3064876873545947;0
1.177929608981732,0.4468718263069142,1.4232839701345017,0.4156980928255096;0
6.934153345973611,2.576574065497505,-1.9382386935058435,-1.0682831237215096;0
3.05931086138085,0.2888974581400055,-1.15470126210038,-1.235019169311868;0
1.3671712559241065,-0.3632121665924016,3.723655408133322,-0.362072344939529;0
0.7752880778991538,-0.1787565243905417,-3.0436419029352635,-0.3880610080453084;0
2.324713002187276,1.326883662637043,-4.207382024766153,1.847435210560708;0
1.353964238816847,1.1727808775607045,-4.1261754171623775,0.220017849746879;0
0.0498632583543771,1.0395955650671906,1.3642154607910522,-0.7418639369464923;0
4.835171374219456,-0.2899700436875614,-2.335329038553644,-0.3890342984104952;1
-0.0884998157813474,-0.085061793346605,-1.4201427988124276,-0.8753489909536134;0
0.5162512883748402,2.8310287945848445,4.484094749889367,0.2470632907880983;1
0.4266729382692265,0.1104324710253321,2.283940654315657,-0.442011799291729;0
0.5330469505416657,-0.7505890076590467,-2.405286653473319,-2.398711762739683;0
0.0695293320150759,0.1934998503979477,-3.070835337561543,-0.5970232468525718;0
5.98838817115323,1.0090350253899942,5.153375558581775,2.316747792412676;0
0.7525585991175163,-0.1698562717568584,-1.211526120528733,-1.270211982795472;0
0.600506302737929,-2.1470017128850616,-3.5668775726401107,1.104459591956923;0
0.0204713312532666,-0.7505409739802289,1.0162286542298644,0.2192682982124473;0
-0.6222249744287798,2.5600104168914832,-3.010445354501119,2.7949170583959053;0
1.0383752957623158,-0.9124029527870836,0.7470842620316721,-0.4726517399624121;1
0.4350763809419276,0.5338047746441795,-3.2725825253920195,-0.0478525718899719;1
1.9745218565172675,1.3903290921713036,-4.802482015268637,-1.0958580522937085;0
-1.3788478228084065,0.173980224550076,-2.3113865102430697,0.1741691770228248;1
-1.6398384498562906,0.7991546720349612,-7.184830217952117,-0.3872576833162801;0
2.049443800144315,3.186946680019499,0.841874694860581,4.703419053976192;0
-1.95824401205675,-0.7532088328140536,-1.9159904642859311,-0.9612250111131246;1
1.435875920954187,-0.4188828588668489,-3.8821818991234833,-1.0219839309221397;0
1.238692545623129,-1.238696197929302,-0.524114080047479,2.2626170590267245;0
1.0439555940244336,-1.7861078528972223,-4.909711317900559,0.1646752720393665;0
-0.3190330216117072,0.8464416235682676,3.550102775818623,-0.2286965303577637;0
1.4301428533003508,1.1362538701580096,1.5685330261806991,-0.2100944659752938;0
1.488448533228647,2.3121283551552225,-4.157219701366823,-0.6313651629077013;0
0.5463114110620799,-0.2732533323029564,0.4991009502259532,-0.9111386802220623;0
-1.5848002016843776,-0.0251213372365316,-3.0345426311845465,-0.1817171098666369;0
-0.5345803504085436,-1.6052592565131882,5.04162360181718,-1.1712497168864378;0
-1.1200646566107078,0.5863654567303668,-1.9653109036912992,-1.1135896165908807;0
2.535749648013052,-0.8429789291663594,-0.1028046250233797,-0.8122739700878546;0
-0.726522775367667,0.8673554941550984,3.3727601808199745,0.4584979072783519;0
-0.3616959793801752,-1.111502403032052,5.260869924010041,-0.0492739812636097;0
2.074623665338035,0.3222585731450373,-0.1684616533602641,-0.3340905752610004;0
0.1725928529753026,2.233327613085434,-3.3308538506433525,-0.946236385423467;0
0.6076933760004417,-0.3539670202773648,-4.585974569210862,-1.1879213268132778;0
-0.5174490070860159,-1.268730514749434,-3.6862202985551695,-0.4058871709521826;0
1.183177990125122,-2.789871976757273,-1.319414307077093,5.121317317575663;0
1.919835131908394,0.1054837198642173,-0.8980722637419115,0.3110341502616531;0
1.5712383443552913,-1.6950730623766093,-2.1148190479437674,4.205094975257717;0
-1.6085449541253676,1.3599117587895846,-4.416596342957158,0.4690326685504206;1
2.784604023833737,4.773922430035313,0.590274059988555,-2.6976819441807933;0
0.5762270005598348,0.3253198681074694,0.927105551025582,-0.3842164498735013;0
1.1025180915009627,0.9508195614098603,-0.5513171829447534,-2.975573972995631;0
-1.7450224354756398,0.0491063954673507,-0.0402170403025206,0.0626957638835606;0
3.617026385008861,0.4062543017443167,4.587019686840286,3.5717650107513053;0
0.653870487223349,0.4693993697990517,-0.1453445673241724,-0.8096804239396644;1
0.0468140567443996,-1.2476376945318826,-0.443283234792139,-0.9570156883729048;0
-0.5688882974306134,1.0148295447817346,-2.6639308292510644,-0.0176192230673466;0
0.4949855766917895,1.0365095583420043,-1.845604208553001,1.478538236159877;0
-0.8796305489889205,-1.7663414929091248,-5.036214811045898,0.3171054658707422;0
-2.25117318118706,0.8494674508589357,-5.506207452840575,-0.3407544883805868;0
-1.5428809163665946,-2.566410914399022,5.140853988642219,-0.1682082347471704;0
-0.0074285614700917,-1.5169056571599755,-4.454023367929259,0.0558213914996205;0
-2.849550181887828,0.5751863889310513,-0.3417946647778821,0.0288338601016244;1
-2.1749775384822727,-0.7260473483206283,-0.3665339092935403,-0.6185785422424958;0
-0.8757637941941046,-2.337284722694405,-3.541268862848173,-1.4949800337683083;0
-0.4290156509261889,0.1915813840291101,7.090205286234264,0.3859946863278959;0
-2.217447760217953,-4.387216251197464,6.809256199437977,5.088525197311263;1
-1.8443458431331488,-1.9316829648475011,0.923183362387048,-0.832026590339717;1
-2.0862580366631307,-1.5375036748480782,-9.041976895918356,-1.8535495797064352;0
-0.1549841237546811,-1.1799208670894397,-2.0731858367981246,-0.8797374628683756;0
-2.010281271094707,2.127628872903028,-8.361423562122305,1.4889393339393284;0
-1.4335069305576078,0.1561605545876523,-1.1287733602062118,-2.1149486505997377;1
1.9568256058663385,2.343716684845534,2.312637393006966,6.867816005911649;0
-2.6693519422506253,-2.413451575217185,-4.905302612885411,0.7354342518328177;0
-0.8418528391023143,1.029341867757477,-5.530331488515135,0.0125659048519388;1
-1.0485059485917243,0.927372415471085,1.7731988611643317,0.4675775046505365;0
2.201780561615348,-1.6185147659768573,-0.4523871642383122,0.8957179489910767;1
0.0393087174647937,-1.395208111683114,-4.456777080390454,-1.00798093889366;0
0.7984871316691023,0.3377939768714187,2.5586843834025146,-0.6214264278144497;0
0.4727275001414224,0.3669350362227583,-3.7693378811550886,0.5417620392613247;0
-3.1531875785775365,-0.1958199938822922,2.640281391126988,-0.0742793729904063;0
-1.6041776412464404,0.3942516050262754,-3.701212604502007,0.6179207381652609;0
3.705769448220257,2.862132926999715,3.657786700231555,-3.223134277254308;0
1.3929938621211813,2.754416594292537,-4.446978364384127,-1.631699650192494;0
-0.9967642721546706,-0.7118809407599084,2.2025559663739767,-0.0710750600671517;0
5.835485091631702,3.5506547724693345,3.279103564355087,2.283353660904117;1
-1.966421179869224,-2.768990603100516,-0.3433364887140607,-0.2003588617942328;0
2.230620494488267,1.4311738073960532,-1.3484620984885851,3.503245950999521;0
4.78907118889102,-2.867700269902357,-0.2720650763793721,0.7314149730276098;0
-1.1070056231502456,-1.1603586992685655,3.0282177589591543,0.3905454206702449;1
0.3218162413589124,0.2089608800611699,0.1534751387565487,0.4457203496559421;0
-2.1354299151182587,-1.788311566249284,-3.963971128808214,0.0283980979890844;1
